{"cameraMode":{"drawMode":0,"name":"Shaded","section":"Shading Mode"},"sceneLighting":false,"audioPlay":false,"sceneViewState":{"showFog":true,"showMaterialUpdate":true,"showSkybox":false,"showFlares":true,"showImageEffects":true,"showParticleSystems":true},"in2DMode":false,"pivot":{"x":2.1733200550079347,"y":-3.1425228118896486,"z":35.37468338012695},"rotation":{"x":0.023995906114578248,"y":0.011996341869235039,"z":-0.00028796817059628665,"w":0.9996407628059387},"size":46.92600631713867,"orthographic":false}