{"cameraMode":{"drawMode":0,"name":"Shaded","section":"Shading Mode"},"sceneLighting":true,"audioPlay":false,"sceneViewState":{"showFog":true,"showMaterialUpdate":true,"showSkybox":true,"showFlares":true,"showImageEffects":true,"showParticleSystems":true},"in2DMode":false,"pivot":{"x":13.774331092834473,"y":7.213846683502197,"z":7.139284133911133},"rotation":{"x":0.37762629985809328,"y":-0.13264526426792146,"z":0.05475696921348572,"w":0.9147717952728272},"size":21.640731811523439,"orthographic":false}