{"cameraMode":{"drawMode":0,"name":"Shaded","section":"Shading Mode"},"sceneLighting":true,"audioPlay":false,"sceneViewState":{"showFog":true,"showMaterialUpdate":true,"showSkybox":true,"showFlares":true,"showImageEffects":true,"showParticleSystems":true},"in2DMode":false,"pivot":{"x":16.566967010498048,"y":-5.342632293701172,"z":2.855790138244629},"rotation":{"x":0.5614179372787476,"y":0.0693177878856659,"z":-0.047270312905311587,"w":0.8232697248458862},"size":8.220942497253418,"orthographic":false}