{"cameraMode":{"drawMode":0,"name":"Shaded","section":"Shading Mode"},"sceneLighting":true,"audioPlay":false,"sceneViewState":{"showFog":true,"showMaterialUpdate":true,"showSkybox":true,"showFlares":true,"showImageEffects":true,"showParticleSystems":true},"in2DMode":false,"pivot":{"x":15.176478385925293,"y":-3.1447112560272219,"z":7.330337047576904},"rotation":{"x":0.24480858445167542,"y":-0.0363486148416996,"z":0.009184600785374642,"w":0.9688467383384705},"size":12.740233421325684,"orthographic":false}