{"cameraMode":{"drawMode":0,"name":"Shaded","section":"Shading Mode"},"sceneLighting":true,"audioPlay":false,"sceneViewState":{"showFog":true,"showMaterialUpdate":true,"showSkybox":true,"showFlares":true,"showImageEffects":true,"showParticleSystems":true},"in2DMode":false,"pivot":{"x":21.089405059814454,"y":-5.784488201141357,"z":-2.8489794731140138},"rotation":{"x":-0.15537932515144349,"y":-0.8442348837852478,"z":0.34850695729255679,"w":-0.37639331817626955},"size":12.707871437072754,"orthographic":false}