{"cameraMode":{"drawMode":0,"name":"Shaded","section":"Shading Mode"},"sceneLighting":true,"audioPlay":false,"sceneViewState":{"showFog":true,"showMaterialUpdate":true,"showSkybox":true,"showFlares":true,"showImageEffects":true,"showParticleSystems":true},"in2DMode":false,"pivot":{"x":1.1801691055297852,"y":-4.229453086853027,"z":3.71937894821167},"rotation":{"x":-0.37598416209220889,"y":-0.08820248395204544,"z":0.03598402813076973,"w":-0.9217239022254944},"size":12.00369930267334,"orthographic":false}