{"cameraMode":{"drawMode":0,"name":"Shaded","section":"Shading Mode"},"sceneLighting":true,"audioPlay":false,"sceneViewState":{"showFog":true,"showMaterialUpdate":true,"showSkybox":true,"showFlares":true,"showImageEffects":true,"showParticleSystems":true},"in2DMode":false,"pivot":{"x":-0.7720856666564941,"y":-2.037661075592041,"z":2.312896251678467},"rotation":{"x":-0.378942608833313,"y":-0.02581675536930561,"z":0.010580583475530148,"w":-0.9250059127807617},"size":9.6060791015625,"orthographic":false}