{"cameraMode":{"drawMode":0,"name":"Shaded","section":"Shading Mode"},"sceneLighting":true,"audioPlay":false,"sceneViewState":{"showFog":true,"showMaterialUpdate":true,"showSkybox":true,"showFlares":true,"showImageEffects":true,"showParticleSystems":true},"in2DMode":false,"pivot":{"x":-2.2214488983154299,"y":2.7547051906585695,"z":11.388566970825196},"rotation":{"x":-0.03909452632069588,"y":0.10233750194311142,"z":-0.004020474385470152,"w":-0.9939800500869751},"size":24.658533096313478,"orthographic":false}