{"cameraMode":{"drawMode":0,"name":"Shaded","section":"Shading Mode"},"sceneLighting":true,"audioPlay":false,"sceneViewState":{"showFog":true,"showMaterialUpdate":true,"showSkybox":true,"showFlares":true,"showImageEffects":true,"showParticleSystems":true},"in2DMode":false,"pivot":{"x":-43.39411163330078,"y":-38.25737380981445,"z":43.99663543701172},"rotation":{"x":-0.26207250356674197,"y":0.361194908618927,"z":-0.10652755200862885,"w":-0.8885489702224731},"size":78.42269897460938,"orthographic":false}