{"cameraMode":{"drawMode":0,"name":"Shaded","section":"Shading Mode"},"sceneLighting":true,"audioPlay":false,"sceneViewState":{"showFog":true,"showMaterialUpdate":true,"showSkybox":true,"showFlares":true,"showImageEffects":true,"showParticleSystems":true},"in2DMode":false,"pivot":{"x":-63.18894958496094,"y":-38.69184112548828,"z":22.348386764526368},"rotation":{"x":-0.2165640890598297,"y":0.5522058010101318,"z":-0.1512274593114853,"w":-0.7907648682594299},"size":80.84383392333985,"orthographic":false}